,R,CoreCPI,IP,Consumption,Unemp,Credit,Spread,IV_GK,IV_MAR
197301,5.89,0.00,374.004774068834,817.689765529117,4.94473464629031,504.600243793355,1.10,NaN,NaN
197302,6.19,0.45,375.653810258775,818.30063413087,5.03825087139559,508.5124146087,1.05,NaN,NaN
197303,6.85,0.45,375.887182593397,818.431847594887,4.94563626950003,511.433443042742,1.00,NaN,NaN
197304,6.85,0.22,375.653810258775,818.04049048565,5.00909928329102,513.161322064916,0.96,NaN,NaN
197305,6.89,0.44,376.35229971097,818.250336535712,4.86530226912573,514.795948495947,1.01,NaN,NaN
197306,7.31,0.22,376.35229971097,818.001270404466,4.87224728637156,516.638469528721,1.14,NaN,NaN
197307,8.39,0.22,376.815263500844,818.79388430535,4.80447301459756,518.285039673932,0.93,NaN,NaN
197308,8.82,0.44,376.584049525007,817.543500876579,4.80957222178775,520.009795904158,0.94,NaN,NaN
197309,8.31,0.65,377.276093809464,819.002156967798,4.84204902157216,520.285217472997,0.77,NaN,NaN
197310,7.40,0.65,378.191432008113,818.311807939475,4.59775216074381,520.669537700072,1.23,NaN,NaN
197311,7.57,0.43,378.872478908365,818.493207556649,4.84589267604392,521.112415484566,1.31,NaN,NaN
197312,7.27,0.43,378.872478908365,817.63915966338,4.93893717680713,521.878702759123,1.24,NaN,NaN
197401,7.42,0.43,378.191432008113,817.585714562882,5.09216109825766,523.062721757809,1.11,NaN,NaN
197402,6.88,0.64,377.734810210154,817.004416013091,5.17133956386293,524.121777450746,1.25,NaN,NaN
197403,7.76,0.84,377.734810210154,817.159948034546,5.06708363859031,526.527751246984,1.16,NaN,NaN
197404,8.62,0.63,377.276093809464,817.495637146517,5.05877069024067,530.131287552784,1.18,NaN,NaN
197405,8.78,1.24,377.96338173824,817.785284569952,5.13668719158042,531.56168636261,1.22,NaN,NaN
197406,8.67,1.03,377.96338173824,817.546315676798,5.36312970784169,532.928294580492,1.75,NaN,NaN
197407,8.80,1.02,377.96338173824,817.875101573857,5.49060859757949,535.038785883904,2.44,NaN,NaN
197408,9.36,1.40,377.045944110636,818.624168746772,5.45519721048458,536.312147741353,1.92,NaN,NaN
197409,8.87,0.99,377.045944110636,817.616659944531,5.87860046708762,537.198595647324,2.19,NaN,NaN
197410,8.05,0.98,376.35229971097,817.337806161976,5.96964914935472,537.795999420023,2.39,NaN,NaN
197411,7.66,0.78,373.289633953071,816.277284681438,6.61880430330078,538.394445251547,2.21,NaN,NaN
197412,7.31,0.77,368.637632389582,816.080392095467,7.15240353524467,538.811236566425,2.52,NaN,NaN
197501,6.83,0.58,366.612246699132,816.893982905918,8.05450562666437,538.943695991552,1.66,NaN,NaN
197502,5.98,0.95,363.758615972639,817.762817708478,8.10554453738036,538.298015442675,1.58,NaN,NaN
197503,6.11,0.38,362.434093297637,817.546315676798,8.56330166908174,537.101005194148,1.83,NaN,NaN
197504,6.90,0.56,362.434093297637,817.661654320993,8.79024400689515,536.681678297273,1.49,NaN,NaN
197505,6.39,0.37,362.434093297637,819.640924745934,8.98236121170807,535.978868863614,1.54,NaN,NaN
197506,6.29,0.56,363.230910262554,819.786908162806,8.78439754207855,535.176334225366,1.41,NaN,NaN
197507,7.11,0.37,364.54498961866,820.19069385378,8.64381361610704,534.605936253346,1.43,NaN,NaN
197508,7.70,0.37,365.583960003574,820.442576259368,8.41953229540579,534.180779762256,1.24,NaN,NaN
197509,7.75,0.55,367.376581630389,820.699280753385,8.41064945542557,534.132896214128,1.37,NaN,NaN
197510,6.95,0.55,367.882911826044,820.691098228526,8.37726882153882,534.041854256667,1.30,NaN,NaN
197511,6.49,0.73,367.882911826044,821.446516075919,8.26949602122016,533.993904123886,1.28,NaN,NaN
197512,6.60,0.54,369.386699562498,822.397582746578,8.20260780222225,534.376862945195,1.20,NaN,NaN
197601,5.81,0.72,370.622809244855,823.384836616124,7.93603977500158,533.9411324083,0.97,NaN,NaN
197602,5.91,0.54,372.086249996699,823.302493826425,7.71174129981684,533.609473088207,1.05,NaN,NaN
197603,6.21,0.53,372.328088083127,823.798180783234,7.59334138528593,532.198506384822,1.00,NaN,NaN
197604,5.92,0.35,372.810016726722,824.50957125241,7.6556722996261,531.069050261118,1.04,NaN,NaN
197605,6.40,0.53,373.289633953071,823.787603529608,7.35860277316974,531.56168636261,1.01,NaN,NaN
197606,6.52,0.35,373.528582692809,824.926145731189,7.63623090160088,531.954055299956,1.00,NaN,NaN
197607,6.20,0.70,374.242022104197,825.215936684184,7.75498793783585,531.954055299956,0.96,NaN,NaN
197608,6.00,0.52,374.950407593037,825.39044997976,7.77126554408162,532.29611974608,0.89,NaN,NaN
197609,5.84,0.52,375.185425327532,825.764495820823,7.64347042556938,533.078455668554,0.84,NaN,NaN
197610,5.50,0.51,374.950407593037,825.91734757146,7.68323957643944,533.749000162251,0.90,NaN,NaN
197611,5.29,0.34,376.35229971097,826.495547989765,7.83515330988957,534.563024959865,0.83,NaN,NaN
197612,4.89,0.34,377.505715035499,827.814889057035,7.75054443850927,535.327892462201,1.08,NaN,NaN
197701,5.29,0.68,377.045944110636,827.524901063831,7.48909554769155,535.611446527425,0.97,NaN,NaN
197702,5.47,0.67,378.872478908365,828.078707986845,7.61159687068569,536.45731623251,0.92,NaN,NaN
197703,5.50,0.50,380.443779474821,828.147085789517,7.44738317280742,537.384219163428,0.91,NaN,NaN
197704,5.44,0.50,381.330703248899,828.286229446145,7.17888741991254,537.98051833943,0.85,NaN,NaN
197705,5.84,0.50,382.209829790016,828.563937274206,7.00451021132114,538.76094740268,0.80,NaN,NaN
197706,5.80,0.66,383.08129500026,828.526113406895,7.19929762949956,539.671368840423,0.84,NaN,NaN
197707,5.94,0.33,383.08129500026,829.334939498763,6.90404699078989,540.483720992571,0.87,NaN,NaN
197708,6.37,0.49,383.729945923221,829.277382659798,6.96918463055774,541.645589456508,0.92,NaN,NaN
197709,6.53,0.49,383.729945923221,829.587297681289,6.78813107699114,542.402447917077,0.94,NaN,NaN
197710,6.97,0.32,383.945231259331,830.419797115384,6.77553473926765,543.546720469527,0.93,NaN,NaN
197711,6.95,0.48,384.16005411316,831.026741812486,6.77597041043589,544.367233440741,0.94,NaN,NaN
197712,6.96,0.64,385.227300102237,831.22578597507,6.35479794210427,545.189645447634,0.79,NaN,NaN
197801,7.28,0.64,383.729945923221,830.152165494073,6.43284129549037,546.425544409147,0.76,NaN,NaN
197802,7.34,0.47,384.16005411316,831.600680745407,6.2655572855202,547.855341685097,0.72,NaN,NaN
197803,7.31,0.63,385.862222870103,832.591161325077,6.26854746171804,549.384303082557,0.73,NaN,NaN
197804,7.45,0.78,387.328217711172,833.194736310504,6.08423415440959,550.938833662798,0.74,NaN,NaN
197805,7.82,0.62,387.949981372259,833.588711884361,6.0129936405747,552.501459606154,0.78,NaN,NaN
197806,8.09,0.77,388.567903008854,833.916639890515,5.88838635941819,553.851467242807,0.63,NaN,NaN
197807,8.39,0.61,388.567903008854,833.44235342403,6.1611929804002,555.059244436849,0.63,NaN,NaN
197808,8.31,0.76,388.977739648083,834.338727343049,5.93107081191287,555.94886119589,0.61,NaN,NaN
197809,8.64,0.90,389.385903480048,834.179163608745,5.95846101464079,556.868795622493,0.64,NaN,NaN
197810,9.14,0.75,390.197266957465,834.348245487018,5.76930539386884,557.897482406285,0.56,NaN,NaN
197811,10.01,0.59,391.002100275747,834.709265283924,5.86798246461057,559.057644849292,0.67,NaN,NaN
197812,10.30,0.59,391.800507710569,835.309654739294,5.99947981388897,559.582599981755,0.64,NaN,NaN
197901,10.41,0.73,391.002100275747,834.950799855527,5.87082080013839,560.46985164323,0.70,NaN,NaN
197902,10.24,1.02,391.402100809082,835.436833277397,5.90706397963675,562.148723192937,0.66,NaN,NaN
197903,10.25,0.86,391.800507710569,835.533286851893,5.84095841818929,563.76070589819,0.65,NaN,NaN
197904,10.12,0.71,390.197266957465,834.967354385003,5.82594171178436,566.115329260024,0.64,NaN,NaN
197905,10.12,0.71,391.601502669768,835.25072096736,5.60616678346181,568.047972908637,0.71,NaN,NaN
197906,9.57,0.70,391.601502669768,835.507418193979,5.69487184388081,569.840135570372,0.74,NaN,NaN
197907,9.64,0.84,391.800507710569,835.408585354609,5.71036742157292,571.468944349488,0.65,NaN,NaN
197908,9.98,1.11,390.600493310258,836.485753011254,6.01354951663241,572.489143786644,0.58,NaN,NaN
197909,10.84,0.82,390.600493310258,836.732333577245,5.86563062636217,573.821610697409,0.70,NaN,NaN
197910,12.44,0.95,391.202300542815,836.390214200086,5.95648060548723,574.460446917646,0.72,NaN,NaN
197911,12.39,1.08,390.801498403061,836.644006668988,5.89536158469739,574.808640021273,0.78,NaN,NaN
197912,11.98,1.20,391.202300542815,836.343576758703,5.9524929887632,575.662789720273,0.83,NaN,NaN
198001,12.06,1.31,391.601502669768,837.147353706683,6.27146637638183,576.384223108386,0.81,NaN,NaN
198002,13.92,1.04,391.601502669768,836.306251138898,6.28133874429459,577.759040180092,0.89,NaN,NaN
198003,15.82,1.41,390.600493310258,835.488600420536,6.3217526916067,579.017421526641,0.98,NaN,NaN
198004,13.30,1.14,388.567903008854,834.207760911261,6.90302183111144,579.417147438388,1.13,NaN,NaN
198005,9.39,0.75,385.651029549789,833.720491041596,7.46663674026691,578.47170921522,0.98,NaN,NaN
198006,8.16,1.12,383.945231259331,834.186313701103,7.58381719423113,578.256284745868,0.94,NaN,NaN
198007,8.65,-0.25,383.08129500026,835.042997353814,7.80429082018309,578.622230692946,0.95,NaN,NaN
198008,10.24,0.62,383.729945923221,835.161075062656,7.73166518836656,579.781911658258,0.87,NaN,NaN
198009,11.52,0.98,385.439389259151,835.182314251399,7.48940222973352,580.901298186329,0.93,NaN,NaN
198010,12.49,1.09,387.120101090789,836.420516877443,7.53037568083423,582.626555887075,0.86,NaN,NaN
198011,14.15,1.08,388.977739648083,836.142787543198,7.4585378551242,585.0476853807,0.97,NaN,NaN
198012,14.88,1.18,389.385903480048,836.848434458721,7.18943289365825,586.536263031034,1.10,NaN,NaN
198101,14.08,0.59,388.977739648083,836.876278624388,7.47134948993761,586.618473068122,1.07,NaN,NaN
198102,14.57,0.58,388.362353090645,836.623075706204,7.43796308272205,586.76005598856,0.88,NaN,NaN
198103,13.71,0.58,388.77303128591,836.915711258883,7.35309019557267,587.127236177958,0.87,NaN,NaN
198104,14.32,0.69,389.182029811063,836.557929124095,7.22423686022493,588.468636036253,1.13,NaN,NaN
198105,16.20,0.92,389.792408104864,836.60214036145,7.48384025196389,590.260601062373,1.20,NaN,NaN
198106,14.86,0.91,389.385903480048,837.279150204252,7.47075537842725,591.560889480445,1.09,NaN,NaN
198107,15.72,1.35,389.385903480048,837.073286487299,7.2432661483474,592.687269121481,1.10,NaN,NaN
198108,16.72,1.00,389.385903480048,837.705717908564,7.39112439641297,594.093411955825,1.00,NaN,NaN
198109,16.52,1.21,389.182029811063,837.043181002083,7.5996823462057,594.542060860658,1.16,NaN,NaN
198110,15.38,0.33,388.156379794344,836.511369853303,7.93036395656002,595.480056273639,1.30,NaN,NaN
198111,12.41,0.43,386.911550441687,836.320249879034,8.26559009850232,596.714623945678,1.46,NaN,NaN
198112,12.85,0.54,385.227300102237,836.931943707584,8.50870427501102,598.138895841038,1.44,NaN,NaN
198201,14.32,0.32,382.64651170665,836.755564539576,8.61406741284639,599.470927727287,1.44,NaN,NaN
198202,14.73,0.53,385.439389259151,837.659690106959,8.86568554906958,601.148773831345,1.44,NaN,NaN
198203,13.95,0.11,384.801767545223,837.546832376319,9.03100386065147,602.027063894965,1.61,NaN,NaN
198204,13.98,0.85,383.945231259331,837.604428765466,9.32799125842287,603.999277221247,1.63,NaN,NaN
198205,13.34,0.74,383.729945923221,837.90798892866,9.35709047450906,605.373487283411,1.51,NaN,NaN
198206,14.07,0.73,383.729945923221,837.364609437317,9.57295082711821,606.566715764049,1.54,NaN,NaN
198207,13.24,0.62,383.514196109219,837.94701690303,9.83215819905385,607.486315590254,1.62,NaN,NaN
198208,11.43,0.41,382.64651170665,838.020440030024,9.84581139041208,607.942963583663,1.73,NaN,NaN
198209,10.85,0.10,382.428409112014,838.915525352953,10.130869482754,609.259864402733,1.64,NaN,NaN
198210,9.32,0.31,381.109708683819,839.353291858698,10.4104962797082,609.668005225229,1.78,NaN,NaN
198211,9.16,-0.21,380.666248977032,840.155784781731,10.7501125619091,609.535147757225,1.57,NaN,NaN
198212,8.91,-0.10,380.443779474821,840.579224682256,10.8486447071109,609.510358186747,1.58,NaN,NaN
198301,8.62,0.41,382.64651170665,840.682013393487,10.4196214824518,609.852361940139,1.25,NaN,NaN
198302,8.92,0.41,382.64651170665,840.655209131449,10.4353092177812,609.960120571256,1.32,NaN,NaN
198303,9.04,0.20,383.514196109219,841.70413094658,10.3158599112011,610.052072538442,1.00,NaN,NaN
198304,8.98,0.41,384.801767545223,842.314621343644,10.1671057855416,609.760226066926,0.94,NaN,NaN
198305,8.90,0.30,385.862222870103,842.90611867579,10.067150438644,609.510358186747,0.86,NaN,NaN
198306,9.66,0.30,386.702563949741,843.864769569464,10.0519311041393,610.092415001673,0.85,NaN,NaN
198307,10.20,0.60,388.156379794344,844.541788110557,9.43841941372275,611.071317492598,0.87,NaN,NaN
198308,10.53,0.30,388.977739648083,844.805745258138,9.46529924887063,612.001166384113,0.80,NaN,NaN
198309,10.16,0.40,390.801498403061,845.075419885967,9.15599565441949,612.201023695463,0.89,NaN,NaN
198310,9.81,0.50,391.800507710569,845.871626165726,8.83351500098279,613.005188686402,0.83,NaN,NaN
198311,9.94,0.49,392.395157629342,846.096140694619,8.46401967423459,613.958278256044,0.91,NaN,NaN
198312,10.11,0.30,392.592591059714,847.190289555643,8.30699653689674,614.98562211925,0.92,NaN,NaN
198401,9.90,0.69,394.352167248752,847.822364671752,8.02787655179175,615.451833354428,0.88,NaN,NaN
198402,10.04,0.29,395.508249488859,846.493100675343,7.80624250765884,617.259789826513,0.87,NaN,NaN
198403,10.59,0.39,395.8906591327,847.324130388705,7.75953084382458,618.994648535133,0.93,NaN,NaN
198404,10.90,0.48,396.271611974366,848.00726713128,7.74726343525084,620.639445864769,0.94,NaN,NaN
198405,11.66,0.38,396.651119071222,848.568188427698,7.44045262166847,622.578539901232,0.74,NaN,NaN
198406,12.08,0.38,397.217692824789,849.238807249727,7.22739133872796,623.623259451885,0.75,NaN,NaN
198407,12.03,0.48,397.59363311718,848.840269395298,7.49043624749939,624.676546322125,0.91,NaN,NaN
198408,11.82,0.38,397.781074596615,849.234706704354,7.49371052585282,625.350183504755,0.90,NaN,NaN
198409,11.58,0.38,397.40583963476,849.955861220443,7.34869178003988,625.998291311018,0.90,NaN,NaN
198410,10.90,0.38,397.968165390196,849.623509682476,7.35052929774862,626.911522292085,0.92,NaN,NaN
198411,9.82,0.19,398.154906807676,851.055118202769,7.18052027678024,627.83150238799,0.93,NaN,NaN
198412,9.33,0.38,398.527346716774,851.208014202942,7.29440308602648,628.321956384977,0.94,NaN,NaN
198501,9.02,0.28,398.341300151482,852.102583743641,7.34190455436914,628.264050881402,1.06,NaN,NaN
198502,9.29,0.56,397.968165390196,852.472475783158,7.24346251610432,628.837887087334,0.94,NaN,NaN
198503,9.86,0.37,398.713047791495,852.377150677636,7.23068118756937,629.692514091141,0.99,NaN,NaN
198504,9.14,0.28,398.341300151482,852.647002819645,7.27904899810112,628.637046464908,1.07,NaN,NaN
198505,8.46,0.37,398.527346716774,853.789737297453,7.20447090268497,628.96970178612,1.22,NaN,NaN
198506,7.80,0.28,398.527346716774,853.255459852894,7.3587613621537,629.227259577867,1.20,NaN,NaN
198507,7.86,0.27,398.154906807676,853.985447395932,7.3820672910163,630.205104893724,1.17,NaN,NaN
198508,8.05,0.36,398.527346716774,854.987333080487,7.10896774249508,630.753361900365,1.17,NaN,NaN
198509,8.07,0.18,398.713047791495,856.350409427949,7.1161727276649,631.640627648323,1.17,NaN,NaN
198510,8.01,0.45,398.527346716774,854.783878153062,7.14451762882604,631.391029949606,1.26,NaN,NaN
198511,7.88,0.54,399.083418585244,855.047321665104,6.99875145305033,632.112794179986,1.35,NaN,NaN
198512,7.67,0.27,399.452422693989,856.147798352654,6.99417295494783,632.419765905005,1.43,NaN,NaN
198601,7.73,0.45,400.551334851548,856.249155204352,6.68055055621261,632.702565449127,1.40,NaN,NaN
198602,7.61,0.27,400.003388275086,856.002276939159,7.18844646737735,632.736519183024,1.63,NaN,NaN
198603,7.03,0.27,399.63641538619,856.342771175577,7.15150998123187,633.608209188343,2.08,NaN,NaN
198604,6.44,0.35,400.186370942794,856.95579116221,7.12946230693171,634.081775241598,1.99,NaN,NaN
198605,6.65,0.18,400.369019395397,857.555643471315,7.18041658158056,634.115263974715,1.66,NaN,NaN
198606,6.73,0.26,399.82007016692,857.332774795981,7.20504047965855,634.730164014766,1.97,NaN,NaN
198607,6.27,0.35,400.369019395397,857.988626075466,7.04230121308062,635.046678080581,2.16,NaN,NaN
198608,5.93,0.35,400.733318523247,858.46462112733,6.88531527719001,635.430047316019,2.32,NaN,NaN
198609,5.77,0.35,400.914971615887,860.635724972394,7.01887748638034,635.879501873469,1.98,NaN,NaN
198610,5.72,0.35,401.277290852829,859.135401931593,6.95517904755476,635.86218585611,1.99,NaN,NaN
198611,5.80,0.26,401.638302075239,858.802437217683,6.87745502975538,637.063701326122,2.12,NaN,NaN
198612,5.87,0.26,402.713581252865,860.988175597016,6.64609521882456,639.931015291521,2.02,NaN,NaN
198701,5.78,0.26,402.356438016105,858.447793822183,6.64058227102528,641.70753609091,1.89,NaN,NaN
198702,5.96,0.26,403.777421073371,860.329749046837,6.60247477376135,641.331140529851,2.00,NaN,NaN
198703,6.03,0.34,403.777421073371,860.450785574295,6.59176658002851,641.514605780257,1.93,NaN,NaN
198704,6.50,0.60,404.480411666196,860.920703517866,6.31997050345244,641.697735051993,1.80,NaN,NaN
198705,7.00,0.34,405.178494780331,860.984529621261,6.31124591693887,642.038573125249,1.77,NaN,NaN
198706,6.80,0.17,405.525717351405,861.399317000995,6.18334392029688,642.512830957483,1.73,NaN,NaN
198707,6.68,0.34,406.388535473739,861.884684514274,6.06161698720622,642.271110570164,1.69,NaN,NaN
198708,7.03,0.34,406.902675423781,862.647799696622,6.03484100467096,642.3376825231,1.61,NaN,NaN
198709,7.67,0.42,407.584109065754,862.176939958534,5.91779086917033,643.579774210153,1.59,NaN,NaN
198710,7.59,0.50,408.933202039856,862.115673175826,5.99706246006522,643.912670391594,1.72,NaN,NaN
198711,6.96,0.25,409.600984154116,862.232768153222,5.83623693379791,643.829550182204,1.71,NaN,NaN
198712,7.17,0.25,410.26433650368,862.993241731189,5.74509852645181,644.261978113326,1.66,NaN,NaN
198801,6.99,0.41,409.933210373314,863.849004637242,5.74775355669634,644.578330943353,1.75,NaN,NaN
198802,6.64,0.25,410.26433650368,863.941082414049,5.71907293076695,644.752770797924,1.70,NaN,NaN
198803,6.71,0.41,410.594369806545,864.8045999835,5.68673343643777,645.293184533143,1.60,NaN,NaN
198804,7.01,0.49,411.414718951828,864.394918276048,5.44407881172114,646.370005885,1.49,NaN,NaN
198805,7.40,0.33,411.087386417331,865.041203520246,5.5991938614532,647.423014490594,1.50,NaN,NaN
198806,7.49,0.41,411.414718951828,865.368021186639,5.38885184361957,648.269442217694,1.56,NaN,NaN
198807,7.75,0.32,411.251186617755,865.608519028286,5.42884149097933,649.07387088942,1.46,NaN,NaN
198808,8.17,0.32,411.414718951828,866.065263741806,5.60327533265097,649.131516522085,1.44,NaN,NaN
198809,8.09,0.56,411.74098351531,865.787644838118,5.41489012791079,649.264884227469,1.54,NaN,NaN
198810,8.11,0.40,412.228393091134,866.600966965279,5.37453152873018,649.855319707706,1.68,NaN,NaN
198811,8.48,0.32,412.552017969055,866.852275277108,5.33036522419824,650.187508473764,1.61,NaN,NaN
198812,8.99,0.32,413.035499974513,867.395759534589,5.31552250004078,650.711351980167,1.62,NaN,NaN
198901,9.05,0.40,413.836144763888,867.575128715814,5.41534970418997,651.01095199261,1.68,NaN,NaN
198902,9.25,0.32,412.874598893943,867.363267849609,5.16425061923905,652.696327107886,1.57,NaN,NaN
198903,9.57,0.39,412.713438504509,867.299964255444,5.03542243177226,652.596763422833,1.65,NaN,NaN
198904,9.36,0.31,412.874598893943,867.892080790844,5.23449196779023,653.038187804016,1.71,NaN,NaN
198905,8.98,0.39,412.066187053947,867.774618973704,5.16303027357986,653.909450539602,1.77,NaN,NaN
198906,8.44,0.39,412.228393091134,867.970312087351,5.30424613895722,653.884868968427,1.98,NaN,NaN
198907,7.89,0.31,411.087386417331,868.267373101417,5.23929755499447,654.937888840365,2.11,NaN,NaN
198908,8.18,0.23,412.066187053947,869.222155071605,5.24378654382037,655.569822757459,1.92,NaN,NaN
198909,8.22,0.31,411.74098351531,869.035627042528,5.31691731749823,655.869413352051,1.74,NaN,NaN
198910,7.99,0.54,411.577984294217,868.968324363024,5.33769150880357,656.235934433988,1.65,NaN,NaN
198911,7.77,0.38,411.74098351531,869.017123320704,5.39566902284233,656.252883586571,1.64,NaN,NaN
198912,7.72,0.38,411.74098351531,869.841414276616,5.35514912005912,655.944525137503,1.54,NaN,NaN
199001,7.92,0.38,411.74098351531,870.340716292554,5.36584202872061,655.686357979913,1.43,0,NaN
199002,8.11,0.45,413.035499974513,869.833071418515,5.29074854824596,655.802757555848,1.43,-0.015,NaN
199003,8.35,0.60,413.516655674236,870.169570153491,5.2447913768571,656.086092023175,1.43,-0.0075806,NaN
199004,8.40,0.37,413.196142579341,870.360636611345,5.40951380432793,656.485643589243,1.35,-0.0174194,NaN
199005,8.32,0.30,413.516655674236,870.289237094824,5.3553414407473,656.319240121242,1.20,0,NaN
199006,8.10,0.52,413.836144763888,870.60599482462,5.24794342732912,656.527905444322,1.22,0,NaN
199007,7.94,0.52,413.516655674236,870.809450328964,5.50536060827792,656.27688996956,1.16,-0.0664516,NaN
199008,7.78,0.59,413.836144763888,870.83918961478,5.70521469957933,656.343230581621,1.11,-0.0335484,NaN
199009,7.76,0.37,413.676527810605,870.792924681121,5.85263559241254,656.185069732993,1.13,0,NaN
199010,7.55,0.36,413.035499974513,870.234407522035,5.92007619349974,655.902015961966,1.41,-0.011281,NaN
199011,7.31,0.29,411.903717481247,870.139631029486,6.15848338224796,656.127108960917,1.56,-0.0130424,NaN
199012,7.05,0.43,411.087386417331,869.776321517139,6.26357596993864,656.385552653213,1.55,-0.0956667,NaN
199101,6.64,0.65,410.429489307527,868.868970157136,6.36338374816403,655.548490637605,1.58,-0.1674193,-0.0325534
199102,6.27,0.50,409.767235231478,869.4853903328,6.55848278051103,655.507235631294,1.41,-0.2304378,-0.084809
199103,6.40,0.21,408.933202039856,870.655656299924,6.80143855257529,655.349171105223,1.37,-0.0363364,0.0175171
199104,6.24,0.28,409.43445622221,870.324112995101,6.66861586117521,654.705797045637,1.36,-0.0321398,-0.1287668
199105,6.13,0.28,410.098910494077,870.576186097066,6.92366218615268,654.111657552864,1.31,-0.1946344,0.0664314
199106,6.36,0.35,411.087386417331,870.59440359751,6.88033815927999,653.711179914934,1.28,-0.0090322,0
199107,6.31,0.35,411.577984294217,871.081729971432,6.80596730979596,653.159165845954,1.39,0.0087097,0.0837229
199108,5.78,0.42,411.74098351531,870.928354443513,6.86959968291716,652.356230614951,1.29,-0.0803226,0.0543584
199109,5.57,0.35,412.713438504509,870.976206466174,6.88669561784445,652.648021817517,1.39,0.0016129,0.0059631
199110,5.33,0.21,412.552017969055,870.572873467666,6.98188594621058,652.607017203924,1.36,-0.0025806,0.0185835
199111,4.89,0.35,412.390336446365,871.045468824853,7.04887885652047,652.138666656496,1.35,-0.1374193,-0.056155
199112,4.38,0.35,412.066187053947,871.216769433351,7.26173182593318,652.038545914307,1.53,-0.1206452,-0.0482108
199201,4.15,0.28,411.577984294217,872.664341559844,7.294457846473,651.251769102941,1.33,-0.1493548,0
199202,4.29,0.21,412.390336446365,872.777821348305,7.43198094444488,650.608296911267,1.28,0,0.0231061
199203,4.63,0.34,413.516655674236,872.959121579266,7.41356070342623,650.207014667042,1.21,0,0
199204,4.30,0.27,413.995507347415,873.043185084491,7.36461698516126,649.697104939637,1.21,-0.1493334,-0.1587459
199205,4.19,0.34,414.630430115281,873.557341608138,7.60542932742216,649.320906213778,1.22,-0.0467997,0.0203803
199206,4.17,0.20,414.946386144318,873.827060974696,7.81572330471201,649.06173073128,1.20,0.0061229,0
199207,3.60,0.34,415.888308335967,874.161592422883,7.66161337243219,648.744045762364,1.25,-0.2903225,-0.2210042
199208,3.47,0.20,415.418456257812,874.408969159975,7.60965065739855,648.410074167376,1.40,-0.0054839,-0.0232709
199209,3.18,0.14,415.418456257812,875.058801839419,7.61161391740142,648.576436891664,1.52,0.0148064,-0.0271099
199210,3.30,0.47,416.044436392662,875.395558388844,7.34069642103948,648.318380113424,1.40,0.0090646,0.0724546
199211,3.68,0.27,416.355963124357,875.565875882823,7.44699901121916,648.335196985372,1.29,0.0019355,0.0486496
199212,3.71,0.27,416.355963124357,876.22234712879,7.43422997339639,648.226601904304,1.35,-0.0029032,-0.0077253
199301,3.50,0.33,417.284762371004,876.07823005574,7.26246105919003,648.059655678872,1.38,-0.0070968,0
199302,3.39,0.33,417.592454921452,876.263038252427,7.14864002241978,647.751067950975,1.41,-0.0178571,0.0011683
199303,3.33,0.13,417.438726989564,875.993542766317,7.04210018818333,647.384439898427,1.36,-0.0021429,-0.0075519
199304,3.24,0.40,417.899203628239,876.664366138346,7.0848628134138,646.455715055673,1.41,0,0
199305,3.36,0.26,417.745946893261,877.011299705573,7.07776333704666,646.862996938134,1.33,-0.0083871,0.0143582
199306,3.54,0.20,417.592454921452,877.374057056216,7.04808710233288,647.220718127024,1.32,-0.0116129,0
199307,3.47,0.13,417.899203628239,877.864935137392,6.90124191441842,646.786951897184,1.29,0,0.0142984
199308,3.44,0.33,417.592454921452,877.964975931594,6.76058293922959,646.737258596992,1.37,0.0045161,0.0287205
199309,3.36,0.07,418.357569595004,878.538658728416,6.74103413064331,646.394947039593,1.41,0.0084839,0.0546538
199310,3.39,0.33,419.116874685764,878.693021021314,6.75295007447539,646.160879146695,1.35,0.007,0
199311,3.58,0.33,419.720194766181,878.973624502521,6.5854091017724,646.193681652476,1.28,0,-0.000067
199312,3.61,0.26,420.319896713418,879.324792762704,6.52373000053871,646.143692586543,1.25,-0.0032258,-0.0259071
199401,3.54,0.13,420.319896713418,879.597578068099,6.60816564060155,646.766766972149,1.21,-0.0067742,0
199402,3.87,0.19,420.469261939097,880.396484956666,6.56850515424469,646.907975961607,1.12,0,-0.017575
199403,4.32,0.32,421.803603456465,880.408495165358,6.49539877300614,648.018258921027,1.21,0,-0.0286798
199404,4.82,0.13,422.683374526818,880.829441191367,6.37799435006622,648.963037272718,1.22,0.052,0.1354298
199405,5.31,0.26,423.265617801961,880.651392053653,6.05219492426154,649.701628837127,1.24,0.0921935,0.0562643
199406,5.27,0.32,423.555473077362,881.247134048965,6.071491486738,650.407857073319,1.21,0.0258064,0
199407,5.48,0.19,423.988686751276,881.181612029734,6.08180510057251,651.600074985716,1.20,0,-0.0023166
199408,5.56,0.25,424.849524204936,881.837868096825,6.04303942106266,652.529355263894,1.17,0,0.0083418
199409,5.76,0.25,425.134831103177,881.987224487393,5.88490423904855,653.011932279265,1.16,-0.0039999,-0.0282588
199410,6.11,0.19,426.127043353808,882.607397500901,5.79305319407335,654.072692296391,1.18,-0.026,0
199411,6.54,0.25,426.969744969996,882.680797386757,5.59173863265879,655.109462065565,1.23,0.0426667,0.073367
199412,7.14,0.06,428.082412916472,882.946055362633,5.47930671234019,655.947358440143,1.26,0.0179784,-0.0389625
199501,7.05,0.44,428.220629939167,882.941664551137,5.58551326133386,657.534079852167,1.25,-0.0306451,0
199502,6.70,0.25,427.944004589878,882.755609809108,5.43995761268592,659.056200315597,1.22,0,-0.0274844
199503,6.43,0.31,428.220629939167,883.282111551842,5.41450934084234,660.083601934278,1.22,0.0025806,0.0226904
199504,6.27,0.31,427.944004589878,883.118607865782,5.76589486386605,660.773068333197,1.20,0.0174193,0
199505,6.00,0.19,428.220629939167,883.837773592202,5.63514876641057,662.031317773496,1.30,0,0.0170416
199506,5.64,0.25,428.771595520264,884.635304331433,5.62868987260229,662.646606194929,1.32,0,0
199507,5.59,0.19,428.082412916472,884.362952209427,5.68749386064998,663.740218865213,1.24,-0.1258065,-0.0934057
199508,5.75,0.25,429.182836675573,884.853801960263,5.6553016563898,664.330784622548,1.26,-0.0241935,0.007725
199509,5.62,0.25,430.135873160643,885.086150070472,5.63904955094223,664.771431356411,1.25,0.005,0.003399
199510,5.59,0.31,430.000279919529,884.695726424739,5.52156484523343,664.871249229504,1.33,0.025,0
199511,5.43,0.18,430.000279919529,885.526414940115,5.599710437812,665.758733609276,1.39,0,0.0297003
199512,5.31,0.06,430.406509320417,886.16194252506,5.60179909592411,666.066477450445,1.40,-0.0209677,-0.0393145
199601,5.09,0.37,429.728540621879,885.708813531495,5.6486396814864,667.020849735718,1.38,-0.0296774,0.0025242
199602,4.94,0.18,431.214050720972,886.474666090541,5.50048137673747,667.337381824112,1.29,-0.0193548,0
199603,5.34,0.24,430.945594183905,886.956689828315,5.49481904189818,667.795210150217,1.25,0.0019336,-0.0002516
199604,5.54,0.12,432.148013480585,887.325794922928,5.55809578064448,668.484919946927,1.25,0.0080564,0
199605,5.64,0.24,432.941668440158,887.455989603337,5.55335273478121,669.082985498116,1.20,0,0.0182615
199606,5.81,0.24,433.859707674655,887.573439281268,5.30677576908981,669.714535260521,1.26,0,0
199607,5.85,0.18,434.25058765116,887.782828360661,5.46379315480623,670.197265093937,1.27,-0.0280645,-0.0007187
199608,5.67,0.18,434.769395559338,888.126669836464,5.13375207006132,670.604293007625,1.24,-0.0019355,0.0184652
199609,5.83,0.30,435.54259528767,888.253050843362,5.18826896628629,672.026840487596,1.23,-0.0303333,-0.1128021
199610,5.55,0.18,435.414143118435,888.549626583563,5.21119766381809,672.988380586179,1.27,-0.0996667,0
199611,5.42,0.24,436.309862478836,888.798403559038,5.3597220884843,673.760732231987,1.32,-0.006,0.0017137
199612,5.47,0.12,437.197629882038,889.195163874524,5.36809929466447,674.565978923286,1.24,-0.0088387,0.0243609
199701,5.61,0.24,437.32381286408,889.667018146242,5.28437278525868,675.080902851941,1.27,-0.0051613,0
199702,5.53,0.18,438.701417618492,889.877535906107,5.24519940915805,675.952205641892,1.21,0,0.0096889
199703,5.80,0.18,439.568296112137,890.146190138073,5.15118734868387,676.782632266093,1.21,0.0090322,0.0578045
199704,5.99,0.30,439.568296112137,890.139380421968,5.05308199035408,677.835249476996,1.22,0.0309677,0
199705,5.87,0.18,440.305400186596,890.203373452996,4.8891043866029,678.51581742675,1.17,-0.0348387,-0.0246317
199706,5.69,0.12,440.915530206214,890.694888359699,4.99152050862265,679.146862319076,1.15,-0.0551615,0
199707,5.54,0.18,441.642806139121,891.623773172148,4.87627951962602,679.670080569348,1.20,-0.0193548,-0.0014712
199708,5.56,0.06,442.843300748804,892.229823470885,4.83684433969169,680.516869020704,1.14,0.0035484,0.0144067
199709,5.52,0.24,443.793426661218,892.251162210113,4.869946954454,681.42903955707,1.15,0.0058064,0.0126804
199710,5.46,0.23,444.734610079452,892.760603924834,4.72360264357805,681.936112821954,1.28,0,0
199711,5.46,0.12,445.667017766965,893.169732417507,4.60569067106695,682.675127607903,1.31,0,0.010747
199712,5.53,0.23,446.129981556839,893.737612567802,4.72166526922096,683.31502602443,1.30,-0.0051613,0.0028737
199801,5.24,0.23,446.935046284556,893.649545631242,4.64495422881943,684.52413735929,1.35,-0.0048387,0
199802,5.31,0.17,447.049528266149,894.297060083628,4.59915981095747,685.354193592548,1.32,0,0.0192398
199803,5.39,0.17,446.935046284556,894.741595065013,4.67953015243814,685.869107726785,1.30,0,-0.0086875
199804,5.38,0.17,447.392189937814,895.273476710687,4.33175355450237,685.752457773721,1.21,0,0
199805,5.44,0.23,447.960696301275,895.994123897044,4.4019159654078,687.241821469245,1.21,-0.0041935,0.0104542
199806,5.41,0.17,447.163879336357,896.656034581153,4.51929722454621,689.017158802482,1.31,-0.0058064,0
199807,5.36,0.17,446.820433091493,896.719817415528,4.54908858330668,689.689653564726,1.36,0.00999,0.0101124
199808,5.21,0.29,449.200148788245,897.174048454366,4.49153158392091,690.395807873375,2.00,0.0045161,-0.0005511
199809,4.71,0.11,449.088103958596,897.915204807887,4.55577571120721,691.283236872242,2.12,0.0101504,0.0446023
199810,4.12,0.11,449.869794147758,898.252341730438,4.54154282284367,693.377384138069,2.26,-0.0717633,-0.2221654
199811,4.53,0.23,450.092016461429,898.524491693673,4.40811961179642,694.578297307879,2.00,-0.1129031,0.0062076
199812,4.52,0.34,450.645421304893,899.336525668235,4.35102500108199,694.277487208318,1.95,0,-0.0409072
199901,4.51,0.11,450.865928560725,899.252012669332,4.29918778731394,694.194412271884,1.91,0,0
199902,4.70,0.00,451.743127168008,899.724615651497,4.39744687587701,693.851724063218,1.78,0,0.0216142
199903,4.78,0.06,451.743127168008,900.202385490514,4.1685287969437,694.582147978859,1.67,-0.0012903,-0.0567597
199904,4.69,0.34,452.070102936164,900.799160266868,4.32069891118963,694.723557382579,1.62,-0.0187097,0
199905,4.85,0.11,452.936847257181,901.259650029469,4.16657680778106,694.28134947972,1.66,0.0180645,0.0586694
199906,5.10,0.06,452.612697864764,901.680416541463,4.27118546749062,695.094885906889,1.70,0.0196021,-0.0628007
199907,5.03,0.28,453.044663979216,901.850167049039,4.32088583538321,696.065128833563,1.75,-0.0676665,0
199908,5.20,0.11,453.68913452348,902.370954359413,4.18704726386,697.167798554483,1.97,0.003871,-0.0071916
199909,5.25,0.28,453.259949315326,902.871057586063,4.23643838363582,697.773832674938,2.03,0.0111289,0
199910,5.43,0.17,454.754107315146,903.091461829425,4.13390474418871,697.948972225776,2.09,0.0348387,0.0404586
199911,5.55,0.17,455.387689160054,903.582030427431,4.08212819139439,700.206495845288,2.05,0.0351663,0.0836243
199912,5.84,0.17,456.121829845891,904.771555451953,4.03275858379049,700.306545878646,1.86,0.0282309,0.0036856
200001,6.12,0.34,456.121829845891,904.52770317385,4.01217429200025,700.606096776626,1.95,-0.0032258,0
200002,6.22,0.06,456.434819146784,905.464516664994,4.11214690851912,701.922509480414,2.12,0.0048275,-0.0038284
200003,6.22,0.33,457.057874121847,905.956399278787,4.02502211550613,702.875978678728,2.47,-0.0033724,-0.0235319
200004,6.15,0.17,457.677071146639,905.927326637682,3.83955278772128,703.871336348753,2.64,-0.0064452,0
200005,6.33,0.22,457.677071146639,906.299978407747,4.04388010225581,705.499355164682,2.81,0.0361292,0.0419426
200006,6.17,0.22,457.882621064849,906.514117448398,3.9630832240464,706.551942237923,2.82,0.0323699,0.000849
200007,6.08,0.22,457.882621064849,906.583469586645,4.03927522174897,707.133564495685,2.94,-0.013509,0
200008,6.18,0.22,457.264699428253,907.095185986726,4.10696492976129,707.458241481744,3.06,0.0016129,0.0153606
200009,6.13,0.22,457.779898919196,907.919470267786,3.94686986906917,707.61638305561,3.22,0.0033872,0
200010,6.01,0.16,457.367951889672,907.856743236652,3.88018678745215,708.032106932738,3.67,0.023387,0.0476565
200011,6.09,0.27,457.057874121847,907.947969552647,3.94440480687176,708.240582197174,3.77,0.0016129,0.0256687
200012,5.60,0.11,456.434819146784,908.405126202586,3.93303920473584,708.639506637347,3.79,-0.0020967,0.0398983
200101,4.81,0.33,456.017282005736,908.426681472081,4.1884561891516,709.444229328573,3.40,-0.1422579,-0.0600099
200102,4.68,0.27,455.387689160054,908.477714900084,4.2372704434903,709.493999144208,3.32,0.0193646,0
200103,4.30,0.16,455.176940926098,908.393779457387,4.26683527417248,709.293940138957,3.28,-0.0290322,-0.0739878
200104,3.98,0.22,454.754107315146,908.327942933902,4.367934581978,709.026848407705,3.20,-0.2063012,-0.3207542
200105,3.78,0.11,454.223038621422,908.7539769358,4.34418565707029,708.575919483156,2.99,-0.2864408,-0.0956462
200106,3.58,0.38,453.58201078533,908.818403737317,4.5229741135766,707.453163277396,3.09,-0.0532258,0.0370556
200107,3.62,0.21,453.152364581979,909.028350311938,4.58253859969092,706.691908634705,3.03,0.0650001,0
200108,3.47,0.16,452.720864451838,909.596153545336,4.91471483208174,705.939423564351,3.02,-0.0070968,0.0143411
200109,2.82,0.21,452.287494326126,908.314316170918,4.96010111883547,706.28854789229,3.53,-0.0129032,-0.0383557
200110,2.33,0.16,451.852237926242,910.85844630218,5.33986646863679,704.810835095359,3.43,-0.0387096,-0.0135036
200111,2.18,0.37,451.524547846011,910.500207829367,5.54839156960621,703.780938283962,2.98,-0.1179571,-0.0149955
200112,2.22,0.16,451.633897228148,910.385700393328,5.72260143446173,702.573385107558,2.89,-0.0436559,0.0347606
200201,2.16,0.16,452.396013056255,910.546862574001,5.68656477832684,701.618807036405,2.93,-0.0083871,-0.0039975
200202,2.23,0.21,452.396013056255,910.942551527194,5.67910793415968,702.059277224551,2.96,0.0187097,0
200203,2.57,0.05,453.044663979216,910.921531851594,5.74746852527322,701.549695742036,2.61,-0.0188708,-0.0564287
200204,2.48,0.26,453.367418428302,911.454507452132,5.94161340473312,700.359259255431,2.65,-0.026129,0
200205,2.35,0.16,453.796143629464,911.067472086236,5.79489160882584,699.32905670884,2.73,-0.016129,0.0159395
200206,2.20,0.11,454.754107315146,911.402768983427,5.79595049997238,698.617821399348,3.26,-0.0055377,0.0094673
200207,1.96,0.16,454.648118963941,912.063445889169,5.79407885195749,697.840011855147,4.06,-0.0083334,0
200208,1.76,0.31,454.754107315146,912.208822555042,5.72654111124137,697.422630662558,3.93,-0.0245161,-0.0491267
200209,1.72,0.10,454.85998344997,911.744627110112,5.66876442783335,696.837990079857,4.26,-0.0166504,-0.0177312
200210,1.65,0.10,454.542018158232,912.152008717159,5.71658615136876,696.554293924947,4.31,-0.0038333,0
200211,1.49,0.21,455.071400019203,912.436845456122,5.87420108796823,696.336972373723,3.75,-0.0708334,-0.0440101
200212,1.45,0.10,454.435804659133,913.089665154064,5.95590972384983,696.036670425335,3.65,-0.0070698,0.0249215
200301,1.36,0.16,455.176940926098,913.075589263334,5.83813563386941,695.216443194954,3.54,0.0058064,0.0267474
200302,1.30,0.05,455.071400019203,912.752382075325,5.89869952087611,694.312242281943,3.43,0.0270967,0
200303,1.24,0.00,455.176940926098,913.325412300188,5.88130555669694,693.894382043815,3.19,-0.0090322,-0.0025599
200304,1.27,0.00,454.435804659133,913.797395934999,6.0365662165299,693.652736407589,2.71,-0.0109677,0
200305,1.18,0.21,454.542018158232,914.118320127857,6.11399317406143,692.487784753886,2.80,-0.0335484,-0.0217468
200306,1.01,0.05,454.965747605783,914.652692124485,6.3010009792188,691.55051708422,2.53,0.0145483,0.1572287
200307,1.12,0.21,455.282370561588,915.10255170405,6.1514830870055,690.722513848249,2.43,0.0840001,0
200308,1.31,0.10,454.754107315146,915.98467577592,6.07463552869678,689.464977580366,2.38,0,0.0190831
200309,1.24,0.05,455.597994179732,915.692904667023,6.08817307036102,688.392354572879,2.42,0,-0.0389107
200310,1.25,0.15,455.807857845424,915.85416867423,5.95163445023038,687.007418001445,2.10,-0.0012903,0.0218075
200311,1.34,0.00,456.642935767166,916.426501936879,5.83401360544218,686.463898790851,2.00,-0.0087097,0
200312,1.31,0.10,456.538931597625,916.558356288339,5.66827280224087,685.601978157408,1.91,0.0037096,0.0208014
200401,1.24,0.21,456.434819146784,916.883064101943,5.70000408602443,684.285402539844,1.78,0.0019355,-0.0156932
200402,1.24,0.15,457.264699428253,917.086122543187,5.56680230933344,684.068555705703,1.92,0.004355,0
200403,1.19,0.31,457.161340245925,917.65457111392,5.77839176829268,683.500177373921,1.93,-0.0025806,-0.0122327
200404,1.43,0.20,457.574137529728,917.573857518611,5.56350017024174,683.199671458099,1.76,-0.0024195,0
200405,1.78,0.15,458.292457704077,918.099394718095,5.58392547513004,683.191041468881,1.91,-0.0045161,0.0131913
200406,2.12,0.20,457.574137529728,917.584209056859,5.61915095619151,683.880169243781,1.82,-0.0008171,-0.0278436
200407,2.10,0.10,458.496747867057,918.458144107046,5.50876147658641,684.87480984021,1.75,-0.0096667,0
200408,2.02,0.05,458.904080405821,918.827879517367,5.41459976688081,685.364750133391,1.87,0.0283799,0.0092934
200409,2.12,0.30,458.904080405821,919.471899107323,5.37733609198521,685.813426975652,1.76,0.0082767,0.0034653
200410,2.23,0.20,459.814557105113,919.707274497528,5.45425020129505,686.096760848326,1.75,-0.0066667,0
200411,2.50,0.20,459.814557105113,919.886477850116,5.3535994384525,687.001187407148,1.54,-0.0069931,0.0285606
200412,2.67,0.15,460.616968632117,920.538812984211,5.35867458242998,687.897507355541,1.47,-0.0059001,-0.0021003
200501,2.86,0.20,461.214579972452,920.330568649506,5.25842909159692,689.337233861468,1.71,-0.0020969,0
200502,3.03,0.20,462.104353514438,920.771693376947,5.37866328758998,690.447992084822,1.57,0,-0.0070467
200503,3.30,0.35,461.611012602643,920.930984116166,5.21392806841385,691.944666757172,1.86,0.0032258,0.0038629
200504,3.32,0.05,462.005879848184,921.578552021208,5.1515517773928,693.269176427217,2.15,0.0067742,0
200505,3.33,0.15,462.301010411642,921.442203066243,5.12592036767809,694.314172765239,2.12,0.0093548,0.0196867
200506,3.36,0.05,462.497281328427,922.317762077767,5.04161138584007,694.978933865456,1.97,0.0011451,0.013485
200507,3.64,0.15,462.202730305451,923.033905848287,4.95610043364206,696.336026465486,1.72,0.0145001,0
200508,3.87,0.10,462.69316777696,922.58888652229,4.90389173382116,696.926421555934,1.81,-0.0074193,-0.0055312
200509,3.85,0.10,461.611012602643,922.195268730435,5.03687797591261,697.449761992393,1.83,0.0084193,0.0216003
200510,4.18,0.35,462.986279857846,922.463767667701,4.96863354244305,698.807179532051,1.88,0.0190001,0
200511,4.33,0.25,463.860496207433,922.759072538271,5.04181521340752,699.587604037727,1.89,0,-0.0081055
200512,4.35,0.15,464.053732982538,923.148523532529,4.85169632740119,700.821580929577,1.95,-0.0030646,-0.0005858
200601,4.45,0.20,464.822967544854,923.666092704153,4.70262425606135,702.063743603881,1.80,-0.0011289,0.023098
200602,4.68,0.20,464.535197562092,923.874316649237,4.76895400322621,702.96011611998,1.75,0.0241935,0
200603,4.77,0.34,464.535197562092,924.085017818075,4.68925092664426,703.905543424689,1.72,0.003871,0.0502922
200604,4.90,0.24,464.822967544854,924.262361489634,4.71895069624406,705.377585604976,1.64,0.026129,0
200605,5.00,0.29,464.631212931927,924.429725545436,4.62040524528527,707.038420243036,1.65,0.0248387,0.0651162
200606,5.16,0.24,464.918707140487,924.484807323941,4.6255797666398,708.880102227204,1.76,0.0084946,-0.0038328
200607,5.22,0.19,464.535197562092,925.048373627903,4.73982176948942,710.352763350022,1.80,-0.0233333,0
200608,5.08,0.24,465.300751540225,924.71543450989,4.67386432545018,712.18580856442,1.81,-0.0270967,-0.0227027
200609,4.97,0.19,465.300751540225,925.333280938026,4.51464440664108,712.060604081092,1.83,-0.0079031,0.014136
200610,5.01,0.19,464.918707140487,925.76532550268,4.4244644536671,712.667391790978,1.72,-0.0011292,-0.0072336
200611,5.01,0.10,465.014355163082,925.800609467438,4.50900883167329,713.389433927615,1.71,-0.003871,0
200612,4.94,0.14,466.438204561994,926.378634768181,4.42736296257497,714.450188775416,1.60,-0.0032258,0.0457316
200701,5.06,0.24,466.15505194242,926.576561808159,4.64660711487228,715.280121234805,1.50,-0.0019355,0.0031799
200702,5.05,0.26,466.438204561994,926.551014310966,4.52795408640176,716.324984718067,1.54,-0.0048387,0
200703,4.92,0.14,467.282883446191,926.663563563139,4.3978804450804,717.212522303662,1.60,-0.005326,-0.0233131
200704,4.93,0.16,467.934958416234,926.758989277688,4.49371863417194,718.042776912361,1.57,-0.0096838,0
200705,4.91,0.15,467.842064772768,926.906200779219,4.4317809654811,719.490220827035,1.48,0.0037096,0.0395906
200706,4.96,0.16,468.120487226409,926.910915514181,4.56021588985958,720.79043148893,1.65,0.0012903,0.0171214
200707,4.96,0.18,468.120487226409,927.21501735425,4.67090046650202,721.661403428324,2.16,0,0
200708,4.47,0.16,467.749084756772,927.636216751818,4.62654419996203,723.657689552997,2.31,0,0.0582901
200709,4.14,0.21,468.120487226409,927.720431222969,4.67362822167468,726.719041009702,2.27,-0.0736668,-0.1238763
200710,4.10,0.25,467.934958416234,927.798967461193,4.72441458908626,728.568473689578,2.21,-0.0953655,0.0477987
200711,3.50,0.27,468.398136641238,928.008096385056,4.70634120973771,729.8850973123,2.79,0.0290322,0
200712,3.26,0.24,468.582808900555,927.944657037473,4.96693044348289,731.571061722521,2.87,0.0203228,0.0969778
200801,2.71,0.28,468.398136641238,927.927857530219,4.98821910517126,733.256539335408,3.30,-0.0390322,-0.1849399
200802,2.05,0.08,467.749084756772,927.580970976949,4.87917580522346,734.268209723992,3.57,-0.2062905,0
200803,1.54,0.22,467.282883446191,927.830738411599,5.08225693271305,735.724365207205,3.80,0.0338709,0.1980349
200804,1.74,0.07,466.249525260736,927.99317310004,4.96654072017117,737.016136988643,3.29,0.0386291,0.0130809
200805,2.06,0.18,465.681341913993,928.17862324242,5.44059415565478,737.099231639485,3.14,-0.0725,0
200806,2.42,0.23,464.918707140487,927.994105870602,5.55688762450344,737.573185514324,3.47,0.003,0.0259503
200807,2.28,0.25,463.860496207433,927.51069920972,5.78562688953771,738.48586453431,3.71,0.0120001,0
200808,2.18,0.20,462.497281328427,927.49945114297,6.10316798261781,738.835259643874,3.82,-0.026129,0.0140723
200809,1.91,0.15,459.005654817804,926.832622117484,6.14220094455586,740.118852845711,4.82,0.056129,0.1050761
200810,1.42,0.03,458.394654953646,926.678686579453,6.50455848549808,743.550881376878,7.21,0.0474272,-0.0383294
200811,1.07,0.07,455.912624748668,926.371998847942,6.8145810565252,742.789935083711,7.92,-0.0474172,0.0641779
200812,0.49,-0.01,452.504414150881,926.080532338239,7.29753321910058,741.337939834866,7.73,-0.095489,-0.0251588
200901,0.44,0.19,449.200148788245,926.533979019479,7.81920757408728,740.450429049293,6.44,-0.0895209,0.0088741
200902,0.62,0.20,449.088103958596,926.12425899033,8.34616728571614,739.672172219522,6.26,0,0
200903,0.64,0.21,447.278099794235,925.709990437919,8.71065897633862,738.262206389386,6.36,-0.0045161,0.0614497
200904,0.55,0.21,446.590811865458,925.560050338105,8.96582076125015,736.902714711693,5.46,-0.0051508,0.0289525
200905,0.50,0.09,445.550941143368,925.651760159394,9.36948696905271,735.357507243863,4.86,0.0046668,0
200906,0.51,0.09,445.318382899021,925.679447634807,9.50580418314848,733.115853222132,4.23,0,0.0661696
200907,0.48,0.07,446.935046284556,926.012052213821,9.45036310209577,730.241555792408,3.61,0,0
200908,0.46,0.11,448.074010760992,926.907143743994,9.60034217501474,727.84632971323,3.39,-0.0032258,0.0301928
200909,0.40,0.19,449.088103958596,925.980649810803,9.75706475456194,725.84332771327,3.02,-0.0057743,-0.0368859
200910,0.37,0.26,449.088103958596,926.0928918087,9.98283306455808,723.567677629342,2.90,-0.0109999,0
200911,0.31,0.07,450.092016461429,925.934003800809,9.89030270733958,722.064446579189,2.90,-0.008991,-0.019912
200912,0.37,0.10,449.980967033027,926.543443428576,9.86081992802607,720.146166873998,2.45,-0.0035796,-0.0132974
201001,0.35,-0.11,450.976000118343,926.359673827662,9.8029762059889,718.058002595072,2.45,-0.0024195,NaN
201002,0.35,0.04,450.865928560725,926.733488349599,9.83317501008497,716.842580218707,2.48,0,NaN
201003,0.40,0.02,452.178857704904,927.210316935442,9.87437806097925,715.356793355729,2.27,-0.0051613,NaN
201004,0.45,0.02,452.936847257181,927.414112102684,9.9112674781079,713.769170638394,2.16,-0.0058386,NaN
201005,0.37,0.06,454.223038621422,927.66242441022,9.6365134887826,713.02506202536,2.62,-0.0090001,NaN
201006,0.32,0.10,454.223038621422,927.90545379617,9.42219560462452,712.490490254852,2.76,0,NaN
201007,0.29,0.08,454.754107315146,928.179554284769,9.44232258232427,712.39064404192,2.60,0,NaN
201008,0.26,0.07,454.85998344997,928.420402857301,9.50637955427489,712.29069803668,2.75,0,NaN
201009,0.26,0.09,454.965747605783,928.515095438436,9.4684201980841,712.140591481282,2.58,0.0016668,NaN
201010,0.23,0.05,454.965747605783,928.769022640351,9.44836788492206,711.990259267333,2.45,0.0033333,NaN
201011,0.25,0.14,455.071400019203,929.023229905213,9.78491484184915,712.156742786746,2.45,0.0046666,NaN
201012,0.29,0.09,455.597994179732,929.155162740101,9.33810608525871,712.589432864149,2.26,0.0003333,NaN
201101,0.27,0.21,455.702981066016,929.267583389421,9.14310694688216,712.896896931198,2.15,-0.0009677,NaN
201102,0.29,0.18,455.807857845424,929.239950683174,9.02006344067775,713.205016725352,2.04,-0.0040321,NaN
201103,0.26,0.11,456.434819146784,929.584811908078,8.95642082203213,713.786649961194,2.00,0,NaN
201104,0.25,0.12,455.912624748668,929.466313788804,9.08996176966713,714.376767043234,2.01,0,NaN
201105,0.19,0.20,455.912624748668,929.351355919694,9.02729363626294,715.49512379993,2.10,0,NaN
201106,0.18,0.23,456.017282005736,929.58297579916,9.10490002999752,715.877855377087,2.19,-0.0015001,NaN
201107,0.19,0.23,456.538931597625,929.756339323425,8.97852408538176,716.716132608218,2.26,-0.0035,NaN
201108,0.11,0.29,456.954300834494,929.695833825663,8.98673257023933,718.20481143149,2.87,-0.0037096,NaN
201109,0.10,0.11,457.264699428253,929.860762668782,9.04944495267013,718.712036095383,3.16,0.0053763,NaN
201110,0.11,0.17,457.779898919196,930.040956906505,8.82950877170192,719.492472006091,2.85,0.0133333,NaN
201111,0.11,0.17,457.574137529728,929.872663670768,8.63048894425413,720.487765125327,3.04,0.0096667,NaN
201112,0.12,0.22,458.292457704077,929.917508567667,8.50222409818501,721.33411182115,2.92,0.0003333,NaN
201201,0.12,0.21,459.107126160859,930.30289365301,8.2892324832719,722.444745948101,2.80,0,NaN
201202,0.16,0.07,459.511985013459,930.906290489382,8.28403514556704,723.200310098063,2.54,0,NaN
201203,0.19,0.19,459.005654817804,930.775742167969,8.21523887068737,723.615934095384,2.47,0,NaN
201204,0.18,0.19,459.511985013459,930.868231497486,8.18272994920573,724.89947059021,2.56,0,NaN
201205,0.19,0.14,459.107126160859,930.874575668781,8.17480918988028,725.662887135678,2.84,0,NaN
201206,0.19,0.17,459.410923862867,930.770298954295,8.18400469426049,727.028504992264,2.79,0.0036666,NaN
201207,0.19,0.15,459.208494643944,930.979649093968,8.16790148953197,728.147512963002,2.64,NaN,NaN
201208,0.18,0.11,459.107126160859,930.999564363615,8.05812758863553,729.010186829733,2.56,NaN,NaN
201209,0.18,0.18,458.904080405821,931.140668071099,7.80806908997164,729.616917118792,2.44,NaN,NaN
201210,0.18,0.16,458.598736657132,931.133436824881,7.79407794077941,730.653139893951,2.28,NaN,NaN
201211,0.18,0.13,459.309760475382,931.568188745351,7.72830859158738,731.201966651378,2.38,NaN,NaN
201212,0.16,0.17,460.015764416455,931.609580964205,7.90217698614645,732.386354718878,2.27,NaN,NaN
201301,0.15,0.22,459.713801429083,931.992097054492,8.00639432984727,733.100791353842,2.15,NaN,NaN
201302,0.16,0.15,460.116216459055,931.949966314115,7.69418975996703,733.524929255912,2.19,NaN,NaN
201303,0.15,0.10,460.015764416455,931.964310686663,7.54104706299797,734.090040286361,2.17,NaN,NaN
201304,0.12,0.02,459.713801429083,931.957138757591,7.56785976292521,734.588762175451,2.11,NaN,NaN
201305,0.12,0.07,460.015764416455,932.208745005876,7.49279909474334,734.788586911909,2.02,NaN,NaN
201306,0.14,0.15,460.216567696779,932.200696248286,7.54483174851845,735.544300028612,2.20,NaN,NaN
201307,0.12,0.23,459.511985013459,932.325825863126,7.28475118734696,736.183910799275,2.07,NaN,NaN
201308,0.13,0.19,460.316818331742,932.437416577861,7.24848173259214,736.28356076325,2.04,NaN,NaN
201309,0.12,0.16,460.416968565451,932.722522661095,7.23888314374354,736.724129149849,2.11,NaN,NaN
201310,0.12,0.09,460.517018598809,933.002382292119,7.19970518448598,737.330525542289,2.01,NaN,NaN
201311,0.12,0.19,460.517018598809,933.421150417304,6.94747689434193,737.920161702288,1.97,NaN,NaN
201312,0.13,0.17,460.316818331742,933.458250269331,6.7043858179428,738.923653751333,1.81,NaN,NaN
201401,0.12,0.09,459.309760475382,933.140689995563,6.56702198877388,739.712026170649,1.87,NaN,NaN
201402,0.12,0.09,460.216567696779,933.69994542783,6.65603313545532,741.75743963905,1.77,NaN,NaN
201403,0.13,0.19,461.115225766564,934.185974183975,6.65265208808675,742.488101529661,1.72,NaN,NaN
201404,0.11,0.19,461.115225766564,934.35154511286,6.2444889263624,743.507807303558,1.66,NaN,NaN
201405,0.10,0.19,461.313835563727,934.529949490856,6.33269957092572,744.27973044071,1.66,NaN,NaN
201406,0.10,0.13,461.709875685337,934.920626084136,6.07551362494942,745.068403824243,1.63,NaN,NaN
201407,0.11,0.15,462.104353514438,935.117130799138,6.15869800714071,746.104826291163,1.69,NaN,NaN
201408,0.11,0.09,461.512051684126,935.797558646822,6.14808172676616,747.091335702197,1.68,NaN,NaN
201409,0.11,0.16,461.512051684126,935.822575144901,5.93565752371187,747.90455117632,1.84,NaN,NaN
201410,0.10,0.17,461.412992735956,936.436532961502,5.74745711783246,748.195562193084,1.94,NaN,NaN
201411,0.13,0.11,462.104353514438,936.702783145541,5.8085294004882,749.39684844237,2.11,NaN,NaN
201412,0.21,0.05,461.907309115708,936.93250634057,5.57595373947752,750.638846269997,2.20,NaN,NaN
201501,0.20,0.09,461.313835563727,937.137019330252,5.65815449277208,751.650402946777,2.28,NaN,NaN
201502,0.22,0.15,460.517018598809,937.35895347887,5.4895176323383,752.44748760921,2.03,NaN,NaN
201503,0.25,0.24,460.916220725763,937.571920803983,5.43592755501363,753.697708372583,2.14,NaN,NaN
201504,0.23,0.25,460.916220725763,937.808959958688,5.44377944734496,754.395108309194,2.11,NaN,NaN
201505,0.24,0.14,460.916220725763,938.0884513147,5.6035166285022,755.249972031392,2.12,NaN,NaN
201506,0.28,0.16,460.517018598809,938.193796540716,5.25079268059747,756.145972174315,2.24,NaN,NaN
201507,0.30,0.21,461.313835563727,938.577157806538,5.20201022949483,756.636277326734,2.37,NaN,NaN
201508,0.38,0.10,461.015772749913,938.83442878256,5.0848751686051,757.383440281697,2.49,NaN,NaN
201509,0.37,0.21,460.716818865076,938.959055024565,5.044885250713,758.006689895394,2.70,NaN,NaN
201510,0.26,0.19,460.517018598809,939.021727637432,5.0404983234394,758.761963208516,2.47,NaN,NaN
201511,0.48,0.19,460.316818331742,939.244523862786,5.08055860741889,759.592006801778,2.53,NaN,NaN
201512,0.65,0.13,460.015764416455,939.610599117269,5.00332204891322,759.941635583678,2.75,NaN,NaN
201601,0.54,0.17,460.416968565451,939.713524190269,4.81867576446803,760.498411822833,3.14,NaN,NaN
201602,0.53,0.23,460.015764416455,940.37090177002,4.85501765002521,761.452426011612,3.15,NaN,NaN
201603,0.66,0.16,460.015764416455,939.983613251814,5.00128785832302,761.926287087401,2.73,NaN,NaN
201604,0.56,0.26,459.814557105113,940.285150492926,5.0690896751937,762.607300668403,2.45,NaN,NaN
201605,0.59,0.24,459.713801429083,940.441755978099,4.81912535268037,763.337933017484,2.42,NaN,NaN
201606,0.55,0.16,460.015764416455,940.862549695368,4.87145130750407,763.479651118964,2.52,NaN,NaN
201607,0.51,0.12,460.015764416455,940.969929835444,4.79980401271405,763.828976225588,2.33,NaN,NaN
201608,0.57,0.24,459.713801429083,941.050184689847,4.87835449543124,763.520243183773,2.13,NaN,NaN
201609,0.59,0.17,459.915211366253,941.322407148301,4.97952590255081,764.441203926759,2.12,NaN,NaN
201610,0.66,0.12,460.015764416455,941.26851199756,4.89395695623571,765.188545579215,1.92,NaN,NaN
201611,0.74,0.14,459.915211366253,941.429294889643,4.735245069151,765.338579554913,1.83,NaN,NaN
201612,0.87,0.18,460.015764416455,942.093349511193,4.71010408447,765.08823918471,1.69,NaN,NaN
201701,0.83,0.22,460.116216459055,942.162994164328,4.67861170279414,765.0216296095,1.65,NaN,NaN
201702,0.82,0.21,460.015764416455,942.149231043801,4.61594279959214,765.0216296095,1.60,NaN,NaN
201703,1.01,-0.02,459.713801429083,942.592744488475,4.41684307811437,764.243779957092,1.64,NaN,NaN
201704,1.04,0.11,460.816569496789,942.562915521101,4.42109202033116,764.268719048287,1.62,NaN,NaN
201705,1.12,0.08,460.616968632117,942.618535340925,4.37314141489867,764.485235706929,1.59,NaN,NaN
201706,1.20,0.13,460.716818865076,942.922687490427,4.29047642828606,764.560332151987,1.57,NaN,NaN
201707,1.22,0.09,460.316818331742,943.073615162117,4.29509790479989,764.727064546961,1.51,NaN,NaN
201708,1.23,0.22,460.116216459055,943.14498559774,4.41009801601634,765.109639986133,1.63,NaN,NaN
201709,1.28,0.11,460.116216459055,943.668678863677,4.25344421000372,765.997293311907,1.51,NaN,NaN
201710,1.40,0.28,461.214579972452,943.744407154203,4.17942847875041,766.421522975384,1.44,NaN,NaN
201711,1.56,0.11,461.313835563727,944.296681817972,4.21848435972325,766.062314351802,1.45,NaN,NaN
201712,1.70,0.21,461.015772749913,945.105661514722,4.13118634565671,766.003891576566,1.41,NaN,NaN
201801,1.80,0.34,460.616968632117,944.891623032001,4.03258883627279,766.203518754482,1.28,NaN,NaN
201802,1.96,0.20,461.611012602643,944.938876801368,4.0679202363733,766.270286044753,1.38,NaN,NaN
201803,2.06,0.22,461.512051684126,945.287077789057,4.00282028128595,766.735945173666,1.54,NaN,NaN
201804,2.15,0.14,462.202730305451,945.50418718535,3.9926810120479,767.664980148026,1.45,NaN,NaN
201805,2.27,0.20,461.313835563727,945.806726161787,3.82828332756661,767.981067777192,1.53,NaN,NaN
201806,2.33,0.10,462.005879848184,945.979863420179,3.97447752912891,768.794216946366,1.62,NaN,NaN
201807,2.39,0.12,462.005879848184,946.26076794568,3.81604154218589,769.400566030424,1.48,NaN,NaN
201808,2.45,0.07,462.301010411642,946.533136672951,3.80799208214772,769.625354760056,1.52,NaN,NaN
201809,2.56,0.18,462.399194022868,946.399760929112,3.74675328681511,770.37252579175,1.43,NaN,NaN
201810,2.65,0.21,461.907309115708,946.821766193576,3.81975621456071,771.507899960436,1.58,NaN,NaN
201811,2.70,0.20,461.611012602643,947.235072767151,3.75531209314894,772.560814493716,1.79,NaN,NaN
201812,2.66,0.24,461.907309115708,946.442429499703,3.91468450914795,773.803050146224,2.08,NaN,NaN
201901,2.58,0.24,461.015772749913,946.728226964059,3.9510824210888,774.50071325108,1.83,NaN,NaN
201902,2.55,0.15,460.517018598809,946.742920734313,3.75100445949345,774.741979366037,1.65,NaN,NaN
201903,2.49,0.18,460.216567696779,947.31583796405,3.79410446982576,775.058029395097,1.68,NaN,NaN
201904,2.42,0.17,459.612944133594,947.281232295297,3.63543550192504,774.674155075862,1.58,NaN,NaN
201905,2.34,0.13,459.713801429083,947.558509930903,3.65024945316916,774.874039874113,1.82,NaN,NaN
201906,2.00,0.21,460.116216459055,947.866376857076,3.62353056606551,775.107093519447,1.69,NaN,NaN
201907,1.96,0.17,459.410923862867,948.220551368013,3.67387622070163,775.415130426685,1.63,NaN,NaN
201908,1.77,0.25,460.116216459055,948.453438819725,3.65222913600752,776.220039392862,1.81,NaN,NaN
201909,1.80,0.17,459.410923862867,948.552973446615,3.51968892654059,776.528065952478,1.73,NaN,NaN
201910,1.61,0.19,458.496747867057,948.653926436148,3.62277415588207,776.519581381665,1.71,NaN,NaN
201911,1.57,0.21,459.410923862867,949.021958111494,3.59215571882615,776.377782550883,1.64,NaN,NaN
201912,1.55,0.17,459.511985013459,949.29596500855,3.56396930250631,775.826084631497,1.48,NaN,NaN
